week_start,team,tickets,sla_compliance_pct,avg_csat
2024-05-20,Central,61,85.2,3.62
2024-04-22,Central,68,88.2,4.55
2024-05-13,East,108,86.1,4.18
2024-05-13,West,92,87.0,4.16
2024-04-08,West,83,94.0,4.28
2024-02-19,West,78,84.6,4.23
2024-01-01,East,111,92.8,3.98
2024-01-29,East,119,84.9,4.24
2024-04-01,West,96,91.7,3.89
2024-01-22,West,91,85.7,4.17
2024-01-22,Central,75,90.7,4.29
2024-04-01,East,97,91.8,4.18
2024-06-03,West,89,89.9,3.96
2024-03-18,Central,68,92.6,4.0
2024-03-11,West,78,88.5,4.3
2024-06-17,West,79,89.9,4.0
2024-01-22,East,103,85.4,3.92
2024-04-29,West,79,88.6,3.85
2024-02-12,Central,61,91.8,4.0
2024-05-20,East,105,91.4,4.12
2024-02-05,East,131,88.5,4.28
2024-04-29,Central,72,84.7,3.93
2024-01-15,East,125,92.0,4.22
2024-03-18,East,104,91.3,4.18
2024-06-24,Central,53,90.6,4.0
2024-03-11,Central,63,92.1,3.94
2024-01-15,West,76,90.8,4.32
2024-03-04,Central,60,85.0,3.87
2024-05-27,West,72,95.8,4.04
2024-06-03,East,104,92.3,4.0
2024-02-12,East,134,88.8,3.94
2024-04-22,East,101,83.2,4.0
2024-01-01,West,89,83.1,3.79
2024-06-24,West,89,80.9,3.73
2024-06-10,Central,68,86.8,4.38
2024-06-24,East,85,88.2,3.96
2024-01-08,East,109,89.9,3.97
2024-05-27,East,133,89.5,3.98
2024-05-20,West,81,84.0,4.07
2024-04-29,East,111,89.2,4.22
2024-01-08,Central,59,84.7,3.47
2024-05-13,Central,57,91.2,4.28
2024-02-05,Central,56,89.3,4.25
2024-01-15,Central,56,75.0,3.59
2024-06-03,Central,59,89.8,4.41
2024-02-26,Central,53,84.9,4.13
2024-01-29,Central,54,87.0,4.13
2024-06-10,West,95,89.5,4.3
2024-02-12,West,60,81.7,3.92
2024-06-17,East,118,91.5,4.24
2024-01-08,West,89,89.9,4.29
2024-03-04,West,79,84.8,4.07
2024-05-06,Central,71,87.3,3.95
2024-06-10,East,107,87.9,4.21
2024-03-25,Central,54,79.6,3.94
2024-04-01,Central,56,91.1,4.47
2024-04-22,West,75,89.3,3.75
2024-04-15,Central,61,83.6,4.0
2024-03-18,West,93,90.3,4.29
2024-03-04,East,114,91.2,3.79
2024-04-08,East,114,93.9,4.32
2024-02-26,West,89,89.9,3.75
2024-06-17,Central,68,91.2,4.44
2024-05-06,West,102,91.2,4.04
2024-02-26,East,127,86.6,4.17
2024-01-01,Central,66,80.3,3.94
2024-02-19,East,116,87.9,4.1
2024-03-25,East,132,83.3,3.89
2024-02-19,Central,54,79.6,4.39
2024-05-06,East,108,89.8,4.08
2024-04-15,East,121,92.6,3.95
2024-02-05,West,79,92.4,4.08
2024-01-29,West,78,87.2,4.45
2024-04-08,Central,63,93.7,4.19
2024-03-11,East,106,91.5,4.19
2024-05-27,Central,59,91.5,4.59
2024-04-15,West,89,91.0,4.32
2024-03-25,West,85,89.4,4.14
